id	media_final_artes1_ano1	faltas_artes1_ano1	situacao_artes1_ano1	media_final_ed_fisica1_ano1	faltas_ed_fisica1_ano1	situacao_ed_fisica1_ano1	media_final_biologia1_ano1	faltas_biologia1_ano1	situacao_biologia1_ano1	media_final_fisica1_ano1	faltas_fisica1_ano1	situacao_fisica1_ano1	media_final_quimica1_ano1	faltas_quimica1_ano1	situacao_quimica1_ano1	media_final_historia1_ano1	faltas_historia1_ano1	situacao_historia1_ano1	media_final_geografia1_ano1	faltas_geografia1_ano1	situacao_geografia1_ano1	media_final_sociologia1_ano1	faltas_sociologia1_ano1	situacao_sociologia1_ano1	media_final_filosofia1_ano1	faltas_filosofia1_ano1	situacao_filosofia1_ano1	media_final_lingua_portuguesa1_ano1	faltas_lingua_portuguesa1_ano1	situacao_lingua_portuguesa1_ano1	media_final_ingles1_ano1	faltas_ingles1_ano1	situacao_ingles1_ano1	media_final_espanhol1_ano1	faltas_espanhol1_ano1	situacao_espanhol1_ano1	media_final_matematica1_ano1	faltas_matematica1_ano1	situacao_matematica1_ano1	media_final_fund_proces_dados_tec-ano1	faltas_fund_proces_dados_tec-ano1	situacao_fund_proces_dados_tec-ano1	media_final_algoritmos_ano1	faltas_algoritmos_tec-ano1	situacao_algoritmos_tec-ano1	media_final_microinformatica_ano1	faltas_microinformatica_tec-ano1	situacao_microinformatica_tec-ano1	media_final_ingles2_ano2	faltas_ingles2_ano2	situacao_ingles2_ano2	media_final_ed_fisica2_ano2	faltas_ed_fisica2_ano2	situacao_ed_fisica2_ano2	media_final_biologia2_ano2	faltas_biologia2_ano2	situacao_biologia2_ano2	media_final_fisica2_ano2	faltas_fisica2_ano2	situacao_fisica2_ano2	media_final_quimica2_ano2	faltas_quimica2_ano2	situacao_quimica2_ano2	media_final_historia2_ano2	faltas_historia2_ano2	situacao_historia2_ano2	media_final_geografia2_ano2	faltas_geografia2_ano2	situacao_geografia2_ano2	media_final_sociologia2_ano2	faltas_sociologia2_ano2	situacao_sociologia2_ano2	media_final_filosofia2_ano2	faltas_filosofia2_ano2	situacao_filosofia2_ano2	media_final_lingua_portuguesa2_ano2	faltas_lingua_portuguesa2_ano2	situacao_lingua_portuguesa2_ano2	media_final_espanhol2_ano2	faltas_espanhol2_ano2	situacao_espanhol2_ano2	media_final_matematica2_ano2	faltas_matematica2_ano2	situacao_matematica2_ano2	media_final_ling_programacao_tec-ano2	faltas_ling_programacao_tec-ano2	situacao_ling_programacao_tec-ano2	media_final_sist_operacionais_tec-ano2	faltas_sist_operacionais_ano2	situacao_sist_operacionais_tec-ano2	media_final_manut_computadores1_tec-ano2	faltas_manut_computadores1_tec-ano2	situacao_manut_computadores1_tec-ano2	media_final_ingles3_ano3	faltas_ingles3_ano3	situacao_ingles3_ano3	media_final_ed_fisica3_ano3	faltas_ed_fisica3_ano3	situacao_ed_fisica3_ano3	media_final_biologia3_ano3	faltas_biologia3_ano3	situacao_biologia3_ano3	media_final_fisica3_ano3	faltas_fisica3_ano3	situacao_fisica3_ano3	media_final_quimica3_ano3	faltas_quimica3_ano3	situacao_quimica3_ano3	media_final_historia3_ano3	faltas_historia3_ano3	situacao_historia3_ano3	media_final_geografia3_ano3	faltas_geografia3_ano3	situacao_geografia3_ano3	media_final_sociologia3_ano3	faltas_sociologia3_ano3	situacao_sociologia3_ano3	media_final_filosofia3_ano3	faltas_filosofia3_ano3	situacao_filosofia3_ano3	media_final_lingua_portuguesa3_ano3	faltas_lingua_portuguesa3_ano3	situacao_lingua_portuguesa3_ano3	media_final_espanhol3_ano3	faltas_espanhol3_ano3	situacao_espanhol3_ano3	media_final_matematica3_ano3	faltas_matematica3_ano3	situacao_matematica3_ano3	media_final_banco_de_dados_tec-ano3	faltas_banco_de_dados_tec-ano3	situacao_banco_de_dados_ano3	media_final_software_utilitarios_ano3	faltas_software_utilitarios_tec-ano3	situacao_software_utilitarios_ano3	media_final_manut_computadores2_tec-ano3	faltas_manut_computadores2_tec-ano3	situacao_manut_computadores2_tec-ano3	media_final_redes_basicas_tec-ano3	faltas_redes_basicas_tec-ano3	situacao_redes_basicas_tec-ano3	media_final_empreendedorismo_tec-ano3	faltas_empreendedorismo_tec-ano3	situacao_empreendedorismo_tec-ano3	media_final_gestao_de_qualidade_tec-ano3	faltas_gestao_de_qualidade_tec-ano3	situacao_gestao_de_qualidade_tec-ano3	media_final_fisica4_ano4	faltas_fisica4_ano4	situacao_fisica4_ano4	media_final_quimica4_ano4	faltas_quimica4_ano4	situacao_quimica4_ano4	media_final_lingua_portuguesa4_ano4	faltas_lingua_portuguesa4_ano4	situacao_lingua_portuguesa4_ano4	media_final_matematica4_ano4	faltas_matematica4_ano4	situacao_matematica4_ano4	media_final_biologia4_ano4	faltas_biologia4_ano4	situacao_biologia4_ano4	media_final_fisolofia4_ano4	faltas_fisolofia4_ano4	situacao_fisolofia4_ano4	media_final_sociologia4_ano4	faltas_sociologia4_ano4	situacao_sociologia4_ano4	media_final_estatistica_tec-ano4	faltas_estatistica_tec-ano4	situacao_estatistica_tec-ano4	media_final_higiene_seguranca_trabalho_tec-ano4	faltas_higiene_seguranca_trabalho_tec-ano4	situacao_higiene_seguranca_trabalho_tec-ano4	media_final_analise_e_projetos_de_sistemas_tec-ano4	faltas_analise_e_projetos_de_sistemas_tec-ano4	situacao_analise_e_projetos_de_sistemas_tec-ano4	media_final_redes_avancadas_tec-ano4	faltas_redes_avancadas_tec-ano4	situacao_redes_avancadas_tec-ano4	media_final_programacao_web_tec-ano4	faltas_programacao_web_tec-ano4	situacao_programacao_web_tec-ano4	media_final_metodologia_cientifica_tec-ano4	faltas_metodologia_cientifica_tec-ano4	situacao_metodologia_cientifica_tec-ano4	permaneceu_area_ti	permaneceu_ano2	permaneceu_ano3	permaneceu_ano4
20162290538	8.63	0	APR	8.5	2	APR	7.25	0	APR	7.25	6	APR	7.38	18	APR	9.75	0	APR	7.38	18	APR	7.11	0	APR	7.9	0	APR	7.45	0	APR	7.23	0	APR	8.92	0	APR	7.73	24	APR	7.93	4	APR	7	16	APR	7.41	0	APR																																																																																																																																												não	não	não
20162291149	9	0	APR	8.18	0	APR	7.25	0	APR	7	2	APR	7.88	6	APR	8.38	0	APR	7.45	10	APR	7.23	0	APR	8.1	0	APR	7.45	0	APR	9.43	0	APR	8.45	0	APR	7.05	15	APR	7.1	0	APR	2.4	2	REP	7.18	0	APR				8	0	APR	7.7	0	APR	7.3	8	APR	8.6	2	APR	7.9	0	APR	7	0	APR	7.2	0	APR	7.6	0	APR	7.8	0	APR	7.2	0	APR	7.2	26	APR	7.1	0	APR	7.3	0	APR	7.7	12	APR	1.1	0	REP	1	0	REP	1.3	0	REP	7.5	0	APR	7	10	APR	7.8	27	APR	1.2	0	REP	7.4	0	APR	1.5	0	REP	0.5	0	REP	8.3	2	APR	1.8	69	REMF	1.2	0	REP	9.5	8	APR	7.5	18	APR	7.5	18	APR	7.5	0	APR	0	30	REMF																						6.1	8	APR	8	0	APR	7.8	0	APR	8	14	APR				8	0	APR		sim	sim	sim
20162290187	9.25	0	APR	8.25	0	APR	7.13	0	APR	8.93	2	APR	8.45	6	APR	9.38	0	APR	8.25	4	APR	8.61	0	APR	9.1	0	APR	7.5	0	APR	8.4	0	APR	9.38	0	APR	8.1	3	APR	8.75	2	APR	7.5	8	APR	9.1	0	APR				10	0	APR	8.1	0	APR	7.5	10	APR	9	0	APR	8.4	0	APR	7.5	0	APR	7.1	0	APR	9	0	APR	7.9	0	APR	9.2	0	APR	8	15	APR	7.1	0	APR	7	0	APR	8.8	12	APR	7.8	0	APR	10	0	APR	8.3	0	APR	8.5	0	APR	8.5	6	APR	8.4	13	APR	8.5	0	APR	7.8	0	APR	7.9	0	APR	8.3	0	APR	8.9	2	APR	7.4	6	APR	9	0	APR	10	2	APR	9.8	2	APR	9	11	APR	8.8	0	APR	8.3	4	APR	7.5	0	APR	7	0	APR	8.9	0	APR	8.5	9	APR	8.3	0	APR	8.5	0	APR	9	0	APR	8.7	3	APR	7.5	0	APR	9	0	APR	7.5	15	APR	7.1	15	APR	7	0	APR		sim	sim	sim
20162290179	8.63	0	APR	7.63	2	APR	7.38	0	APR	7.25	6	APR	7.65	16	APR	9.63	0	APR	7.25	15	APR	7.86	0	APR	8.8	0	APR	7.68	0	APR	8.4	0	APR	9.08	0	APR	8.15	18	APR	8.35	4	APR	8.8	18	APR	7.89	0	APR																																																																																																																									1.6	4	REP	2.5	0	REP	2.5	0	REP	1.1	18	REP	0.8	51	REMF	0	0	REP		não	não	não
20162290196	2.38	0	REP	7.75	2	APR	2.13	0	REP	7	6	APR	4.1	35	REP	2.06	0	REP	4.65	26	REP	3.24	0	REP				2.65	0	REP	7.38	0	APR	7.3	0	APR	3.73	36	REP		6	REP				2.41	0	REP																																																																																																																																												não	não	não
20162290948	8.25	0	APR	6.9	0	APR	7	0	APR	8.2	0	APR	7.68	2	APR	8	0	APR	7.5	0	APR	4.84	0	REP	8	0	APR	7	0	APR	6.08	0	APR	8.23	0	APR	7.48	0	APR	7.8	0	APR	4.1	2	REP	9.1	0	APR				10	0	APR	7.3	0	APR	6.3	14	APR	8.2	0	APR	8	0	APR	7.8	0	APR	7.7	0	APR	8.2	0	APR	7.7	0	APR	7.4	0	APR	8	15	APR	7	0	APR	8.4	0	APR	8.1	11	APR	8.9	0	APR	9.1	0	APR	6.2	0	APR	7.5	0	APR	8.5	6	APR	7.6	21	APR	8.3	0	APR	8.5	0	APR	7.3	0	APR	7.8	0	APR	8.3	1	APR	7.5	9	APR	7.5	0	APR	9	2	APR	9.1	12	APR	8.4	8	APR	8	0	APR	8.2	4	APR	7	0	APR	7	0	APR	8.5	0	APR	7.8	6	APR	8.3	0	APR	8.3	0	APR	8.3	0	APR	8.6	4	APR	8	0	APR	9	0	APR	9.3	12	APR	6.3	14	APR	8	0	APR		sim	sim	sim
20162291157	7.5	0	APR	2.93	0	REP	3.19	0	REP	6.45	6	APR	7.43	6	APR	6	0	APR	7.13	10	APR	2.77	0	REP	2.6	0	REP	1.75	0	REP	3.01	0	REP	7.68	0	APR	3.2	54	REP	2.07	0	REP	0.5	98	REMF	2.88	0	REP																																																																																																																																												não	não	não
20162290501	8.88	0	APR	8.5	0	APR	6.56	0	APR	7.25	2	APR	8.05	0	APR	8.38	0	APR	7.5	4	APR	7.26	0	APR	7.9	0	APR	7.38	0	APR	9.73	0	APR	8.5	0	APR	7.4	6	APR	7.55	0	APR	2.4	4	REP	8.68	0	APR				9.8	0	APR	8.1	0	APR	7	2	APR	8.6	0	APR	8.3	0	APR	8	0	APR	7.6	0	APR	8.6	0	APR	7.4	0	APR	8.2	0	APR	7	3	APR	7	0	APR	8.6	0	APR	9.8	9	APR	8.2	0	APR	9.3	0	APR	7.3	0	APR	7.5	0	APR	7.4	6	APR	7.9	18	APR	7.7	0	APR	7.9	0	APR	7.4	0	APR	9.1	0	APR	8.1	2	APR	7.6	6	APR	7.4	0	APR	9.5	4	APR	9.8	2	APR	8.7	6	APR	8.8	0	APR	7.3	9	APR	7.5	0	APR	8.1	0	APR	8.4	0	APR	8.7	0	APR	8	0	APR	8.8	0	APR	8.8	0	APR	8	4	APR	8.3	0	APR	9.5	0	APR	10	4	APR	9.1	7	APR	9	0	APR		sim	sim	sim
20162290857	9	0	APR	8.63	0	APR	7.75	0	APR	7.73	3	APR	8.15	0	APR	8.75	0	APR	8.63	2	APR	8.09	0	APR	8.9	0	APR	8	0	APR	8	0	APR	9.33	0	APR	7.35	12	APR	8.98	0	APR	7.1	2	APR	7.45	0	APR				10	0	APR	8.3	0	APR	7	16	APR	7.5	4	APR	8.3	0	APR	8.1	0	APR	8.2	0	APR	7.8	0	APR	7.2	0	APR	9.4	0	APR	7.1	15	APR	8.4	0	APR	7.9	0	APR	9.3	21	APR	7	0	APR	9.8	0	APR	7	0	APR	7.3	0	APR	7.5	10	APR	7.4	26	APR	8.5	0	APR	7.8	0	APR	7.1	0	APR	7.3	0	APR	7.6	2	APR	6.5	21	APR	7.7	0	APR	7	8	APR	8.3	16	APR	8.1	18	APR	7.5	0	APR	7.8	9	APR	7	0	APR	7.1	0	APR	8.9	0	APR	8.6	12	APR	8	0	APR	8.3	0	APR	8.8	0	APR	6.4	6	APR	6.6	0	APR	7.3	0	APR	8.8	18	APR	8.3	14	APR	7	0	APR		sim	sim	sim
20162290526	7	0	APR	7.75	0	APR	6.13	0	APR	7.58	2	APR	6.25	13	APR	6.63	0	APR	7.7	2	APR	7.19	0	APR	7.2	0		2.63	0	REP	6.06	0	APR	7.68	0	APR	7.28	16	APR	3.56	0	REP	1.51	16		7.33	0	APR				9.9	0	APR	7.9	0	APR	7	12	APR	6.2	2	APR	7	0	APR	8.4	0	APR	8.5	0	APR	7.5	0	APR	6.3	0	APR	7.2	0	APR	7.6	24	APR	7.6	0	APR	8.4	0	APR	8	17	APR	7.3	0	APR																																																																																												sim	não	não
20162290193	8.88	0	APR	9.23	0	APR	7.25	0	APR	8	2	APR	7.8	4	APR	8	0	APR	8.25	0	APR	7.19	0	APR	7.9	0	APR	7.03	0	APR	7.73	0	APR	8.63	0	APR	7.8	3	APR	7.73	2	APR	3.9	4	REP	9	0	APR				10	0	APR	7.6	0	APR	8.3	4	APR	9.2	0	APR	8.9	0	APR	8.3	0	APR	7.7	0	APR	7.8	0	APR	7.9	0	APR	8.5	0	APR	7.6	3	APR	7.5	0	APR	7	0	APR	8.5	6	APR	9.3	0	APR	9.8	0	APR	7	0	APR	7.3	0	APR	8.2	2	APR	7.6	18	APR	7.2	0	APR	7.9	0	APR	7.4	0	APR	7.5	0	APR	7.9	1	APR	8	9	APR	7.4	0	APR	9.5	0	APR	9.6	4	APR	8.6	6	APR	7.9	0	APR	7.5	6	APR	7	0	APR	7.5	0	APR	7.8	0	APR	7.9	6	APR	8	0	APR	8	0	APR	8.5	0	APR	9.2	6	APR	9	0	APR	7.8	0	APR	10	10	APR	8.4	8	APR	7.5	0	APR		sim	sim	sim
20162290172	9.13	0	APR	9.68	0	APR	8	0	APR	7.63	5	APR	8.75	0	APR	9.5	0	APR	8.5	4	APR	8.64	0	APR	8.9	0	APR	8.13	0	APR	8.42	0	APR	9.63	0	APR	8.4	3	APR	8.9	2	APR	7.9	4	APR	9.25	0	APR				10	0	APR	8.9	0	APR	7	2	APR	8	2	APR	9.3	0	APR	8.4	0	APR	8.3	0	APR	7.9	0	APR	8.1	0	APR	9	0	APR	7	0	APR	8.9	0	APR	8.7	0	APR	8.8	3	APR	7.5	0	APR	9.8	0	APR	7.8	0	APR	7.3	0	APR	8.6	2	APR	8.5	0	APR	8.9	0	APR	8.9	0	APR	7.6	0	APR	8.8	0	APR	9.4	0	APR	8.1	0	APR	7.7	0	APR	9.5	4	APR	9	0	APR	8.2	2	APR	8.3	0	APR	8.3	0	APR	7.5	0	APR	8.9	0	APR	8.3	0	APR	9.2	5	APR	8.3	0	APR	8	0	APR	7.5	0	APR	9.4	5	APR	8.8	0	APR	7.3	0	APR	9.1	7	APR	8.7	3	APR	9	0	APR		sim	sim	sim
20162290951	7.25	0	APR	8	2	APR	2.94	0	REP	3.16	10	REP	3.73	32	REP	2.5	0	REP	7	4	APR	3.21	0	REP				2.55	0	REP	3.13	0	REP	2.79	0	REP	5.83	51	REP	2.81	2	REP				3.2	0	REP																																																																																																																																												não	não	não
20162290520	8.38	0	APR	8.6	0	APR	7	0	APR	7.05	2	APR	8.1	4	APR	9.13	0	APR	8.63	0	APR	6.03	0	APR	8.5	0	APR	8.08	0	APR	8.25	0	APR	8.8	0	APR	8	0	APR	7.68	0	APR	7	4	APR	8.31	0	APR				9.9	0	APR	7.5	0	APR	7	8	APR	8.3	2	APR	8.1	0	APR	7.5	0	APR	8.7	0	APR	7.7	0	APR	6.3	0	APR	8.4	0	APR	7.5	9	APR	7	0	APR	7.9	0	APR	8.5	3	APR	7.5	0	APR	9.3	0	APR	7.5	0	APR	7.5	0	APR	8.4	4	APR	7.7	15	APR	7.9	0	APR	8.2	0	APR	8.4	0	APR	8.4	0	APR	9	2	APR	7.9	0	APR	7.9	0	APR	9.5	6	APR	9.3	12	APR	8.5	6	APR	8.3	0	APR	8.3	2	APR	7.5	0	APR	8.8	0	APR	10	0	APR	8.6	0	APR	7.8	0	APR	8.5	0	APR	9.3	0	APR	8.3	4	APR	7.8	0	APR	8.3	0	APR	10	4	APR	9.4	7	APR	8	0	APR		sim	sim	sim
20162290509	8.5	0	APR	6.41	0	APR	7.13	0	APR	7.73	2	APR	8.05	6	APR	8.25	0	APR	7.78	3	APR	7.1	0	APR	8.4	0	APR	7.25	0	APR	6.13	0	APR	8.52	0	APR	7	9	APR	7.33	0	APR	4.1	4	REP	8.08	0	APR				9.1	0	APR	7.8	0	APR	7	12	APR	7.9	0	APR	8.5	0	APR	7.1	0	APR	7.5	0	APR	8.3	0	APR	7.9	0	APR	8	0	APR	7	2	APR	7.6	0	APR	8.5	0	APR	8	2	APR	7	0	APR	9.6	0	APR	7.3	0	APR	7.3	0	APR	7.8	4	APR	8	7	APR	7.7	0	APR	7.4	0	APR	7.5	0	APR	8.8	0	APR	8.3	0	APR	7	9	APR	7	0	APR	9.3	2	APR	7.9	6	APR	7.8	12	APR	8.3	0	APR	7.8	4	APR	7	0	APR	7.9	0	APR	8.7	0	APR	8.4	2	APR	8	0	APR	8.8	0	APR	8.5	0	APR	9.3	5	APR	7	0	APR	7.3	0	APR	8.1	6	APR	8.1	0	APR	8.5	0	APR		sim	sim	sim
20162290207	8.88	0	APR	9.3	0	APR	7.5	0	APR	8.13	4	APR	8.5	0	APR	8.25	0	APR	7.63	2	APR	6.93	0	APR	7.7	0	APR	4.25	0	REP	7.93	0	APR	9.05	0	APR	7.68	9	APR	8.1	0	APR	1.8	2	REP	8.35	0	APR				10	0	APR	8.6	0	APR	8	2	APR	9.2	0	APR	8.1	0	APR	7.8	0	APR	7.5	0	APR	8.6	0	APR	8.5	0	APR	7.8	0	APR	6.1	3	APR	7.9	0	APR	7.4	0	APR	8.4	6	APR	7.2	0	APR	9.8	0	APR	7.8	0	APR	8	0	APR	8.3	2	APR	8	4	APR	8.6	0	APR	8.8	0	APR	7.4	0	APR	9.3	0	APR	9	0	APR	7.9	0	APR	7.5	0	APR	9.5	0	APR	9.8	0	APR	9.8	2	APR	9	0	APR	7.8	0	APR	7.5	0	APR	9.8	0	APR	9	0	APR	8.8	0	APR	8.5	0	APR	8.8	0	APR	9.5	0	APR	7.8	2	APR	8	0	APR	9.5	0	APR	9.6	8	APR	7.4	0	APR	9	0	APR		sim	sim	sim
20162290531	9.63	0	APR	9.43	0	APR	7.88	0	APR	7	6	APR	8.35	0	APR	8.88	0	APR	8.6	6	APR	8.24	0	APR	8.7	0	APR	7.73	0	APR	8.9	0	APR	8.53	0	APR	8.88	3	APR	8.28	2	APR	7.6	8	APR	8.64	0	APR				9.8	0	APR	7.2	0	APR	7	2	APR	8	2	APR	8.8	0	APR	8.4	0	APR	7.2	0	APR	7.9	0	APR	7.6	0	APR	7.7	0	APR	7.5	8	APR	8.1	0	APR	8.7	0	APR	8	6	APR	7.4	0	APR	9.8	0	APR	7.6	0	APR	7.5	0	APR	8.2	4	APR	7.8	10	APR	8.7	0	APR	8.2	0	APR	7	0	APR	8.8	0	APR	8.9	0	APR	7	9	APR	7.6	0	APR	9.5	2	APR	8.4	0	APR	7.6	8	APR	8	0	APR	8.5	2	APR	7	0	APR	9.5	0	APR	8.6	0	APR	9	3	APR	8	0	APR	8.8	0	APR	7.8	0	APR	8.8	5	APR	7	0	APR	7.3	0	APR	10	1	APR	9.9	0	APR	9	0	APR		sim	sim	sim
20162290525	9.25	0	APR	8.95	0	APR	7	0	APR	8.13	0	APR	8.38	4	APR	8.5	0	APR	7.75	0	APR	7.76	0	APR	8	0	APR	7.33	0	APR	8.18	0	APR	8.77	0	APR	7.35	0	APR	8.03	2	APR	7	4	APR	8.84	0	APR				0	0	REP	0	0	REP	1.8	44	REMF	0.8	16	REP	0	0	REP	1	0	REP	0	0	REP	0	0	REP	0	0	REP	0	0	REP	0	90	REMF	7.5	0	APR	0	0	REP	0	89	REMF																																																																																															não	não	não
20162290586	9.5	0	APR	7	0	APR	7.38	0	APR	8.2	2	APR	7.75	4	APR	8.75	0	APR	7.88	4	APR	7.56	0	APR	7.4	0	APR	7.5	0	APR	7.45	0	APR	8.23	0	APR	7.55	7	APR	7.35	0	APR	2.8	10	REP	7.9	0	APR				7	0	APR	7.4	0	APR	6.3	18	APR	8.5	2	APR	7.9	0	APR	8	0	APR	7.2	0	APR	7.1	0	APR	7	0	APR	8	0	APR	6.1	26	APR	0	0	REP	7.6	0	APR	7.8	27	APR	1	0	REP				0	0	REP	1	0	REP	1.3	60	REMF	0	90	REMF	0.5	0	REP	0	0	REP	0	0	REP	0.5	0	REP	0	7	REP				1.3	0	REP	0	46	REMF	0	58	REMF	0.5	24	REMF	0	0	REP	0	30	REMF																																								NÃO	sim	sim	não
20162290152	7.75	0	APR	8.55	0	APR	7.38	0	APR	7.4	4	APR	7.83	2	APR	7.5	0	APR	7.13	0	APR	7.76	0	APR	7.5	0	APR	7.98	0	APR	8.9	0	APR	8.52	0	APR	7.73	3	APR	8.98	2	APR	4	4	REP	8.35	0	APR				8.8	0	APR	8.1	0	APR	7	2	APR	8.8	0	APR	8.8	0	APR	7.4	0	APR	6.7	0	APR	7.9	0	APR	7.1	0	APR	8.5	0	APR	7.9	6	APR	7	0	APR	8.1	0	APR	9.1	3	APR	8.2	0	APR	9.4	0	APR	7.5	0	APR	8.5	0	APR	8.6	6	APR	7.8	3	APR	8.2	0	APR	8.3	0	APR	7	0	APR	8.8	0	APR	8.8	1	APR	7	3	APR	9	0	APR	9.5	0	APR	9.8	6	APR	9.3	2	APR	9	0	APR	7.3	4	APR	7	0	APR	9.9	0	APR	9.8	0	APR	9.2	0	APR	8	0	APR	8.5	0	APR	7.8	0	APR	8.9	2	APR	8.3	0	APR	9.5	0	APR	9.8	0	APR	8	7	APR	8	0	APR		sim	sim	sim
20162290530	7.88	0	APR	8.2	0	APR	7	0	APR	7.3	0	APR	7.93	0	APR	7.63	0	APR	7.63	0	APR	7.21	0	APR	7.7	0	APR	7.58	0	APR	6.16	0	APR	8.05	0	APR	7.85	3	APR	7.98	0	APR	7	6	APR	7.95	0	APR				9.5	0	APR	7.8	0	APR	7	2	APR	7.4	0	APR	8.3	0	APR	7.1	0	APR	7.3	0	APR	7.6	0	APR	7.1	0	APR	8.7	0	APR	6.5	0	APR	7.6	0	APR	8.2	0	APR	8	0	APR	7	0	APR	9.8	0	APR	7.1	0	APR	7.5	0	APR	7.8	2	APR	8	7	APR	7.6	0	APR	7.9	0	APR	7.3	0	APR	8.1	0	APR	8.6	1	APR	7	6	APR	7	0	APR	9.3	4	APR	9	2	APR	7.7	8	APR	8.1	0	APR	7	4	APR	7	0	APR	9.1	0	APR	7.8	0	APR	7.8	5	APR	8	0	APR	8	0	APR	7.3	0	APR	8.6	9	APR	7.5	0	APR	8.3	0	APR	8.8	14	APR	7.5	12	APR	8.5	0	APR		sim	sim	sim
20162290166	8.88	0	APR	7.75	0	APR	8.38	0	APR	8.3	0	APR	8.7	2	APR	9	0	APR	8.55	0	APR	8.21	0	APR	8.2	0	APR	7	0	APR	8.73	0	APR	9.3	0	APR	8.05	1	APR	8.8	0	APR	7	2	APR	8.96	0	APR				10	0	APR	8	0	APR	8.3	4	APR	9.3	0	APR	8.9	0	APR	8.3	0	APR	7.5	0	APR	8	0	APR	8	0	APR	8.5	0	APR	7.7	3	APR	7.3	0	APR	8.3	0	APR	8.8	6	APR	8.2	0	APR	9.8	0	APR	7.1	0	APR	7.5	0	APR	8.3	2	APR	8.3	18	APR	7.1	0	APR	7.4	0	APR	7	0	APR	7.8	0	APR	7.8	2	APR	7.6	9	APR	7.4	0	APR	10	0	APR	9.6	4	APR	7.7	10	APR	8.5	0	APR	8.3	4	APR	7.5	0	APR	7.4	0	APR	7.8	0	APR	8.7	6	APR	8	0	APR	8	0	APR	7.5	0	APR	9.4	4	APR	7.5	0	APR	7.8	0	APR	9.8	10	APR	7.8	4	APR	8	0	APR		sim	sim	sim
20162290516	9.25	0	APR	8.75	0	APR	9.38	0	APR	8.93	2	APR	10	4	APR	8.88	0	APR	9.23	0	APR	9.31	0	APR	9.9	0	APR	9.13	0	APR	9.8	0	APR	9.78	0	APR	9.33	0	APR	8.98	0	APR	9.1	0	APR	9.58	0	APR				10	0	APR	9.5	0	APR	8.3	0	APR	9.8	0	APR	9.4	0	APR	8.3	0	APR	9.9	0	APR	9.5	0	APR	9.2	0	APR	9.3	0	APR	9.3	3	APR	8.9	0	APR	9.6	0	APR	10	0	APR	10	0	APR	9.5	0	APR	8.4	0	APR	9	0	APR	9.8	0	APR	9.8	3	APR	9.1	0	APR	9.2	0	APR	8.8	0	APR	9.4	0	APR	9.3	1	APR	9.3	3	APR	8.2	0	APR	10	0	APR	9.9	0	APR	9.8	2	APR	8.8	0	APR	9.5	0	APR	7.5	0	APR	8.7	0	APR	10	0	APR	10	0	APR	8.8	0	APR	9	0	APR	9.5	0	APR	9.5	0	APR	9.3	0	APR	9.5	0	APR	10	0	APR	8.6	0	APR	7	0	APR		sim	sim	sim
20162290524	9.13	0	APR	8.5	0	APR	7.5	0	APR	7.85	4	APR	8.08	0	APR	8.5	0	APR	7.78	2	APR	7.24	0	APR	7.7	0	APR	7	0	APR	7.28	0	APR	8.55	0	APR	7.35	9	APR	7.1	0	APR	2.4	6	REP	7.44	0	APR				8	0	APR	7.4	0	APR	7	6	APR	7.6	2	APR	8.6	0	APR	8	0	APR	7.3	0	APR	7.8	0	APR	7.1	0	APR	8	0	APR	6.4	18	APR	8.1	0	APR	7.9	0	APR	8.1	9	APR	7.1	0	APR	9.5	0	APR	7	0	APR	8	0	APR	7.8	8	APR	8.3	15	APR	8.2	0	APR	8.2	0	APR	7.6	0	APR	8.1	0	APR	8.5	0	APR	7.4	3	APR	7.3	0	APR	9.5	0	APR	9.3	6	APR	7.8	4	APR	8.3	0	APR	7.3	6	APR	7.5	0	APR	9	0	APR	9.3	0	APR	9.2	3	APR	8.5	0	APR	8	0	APR	9.3	0	APR	8.5	4	APR	9	0	APR	8.3	0	APR	9.5	8	APR	9.1	7	APR	8.5	0	APR		sim	sim	sim
20162290169	7.88	0	APR	7.78	0	APR	7.06	0	APR	7	2	APR	7.35	8	APR	8.25	0	APR	7.1	2	APR	7.1	0	APR	6.3	0	APR	7	0	APR	9.53	0	APR	8.8	0	APR	7.43	12	APR	7	2	APR	3.5	4	REP	7.6	0	APR				9.6	0	APR	7	0	APR	7	10	APR	7.8	2	APR	8.5	0	APR	7.4	0	APR	8.1	0	APR	8.9	0	APR	7.4	0	APR	8.3	0	APR	5.9	18	REP	7.1	0	APR	6.1	0	APR	8.1	9	APR	7.9	0	APR	9.5	0	APR	7.3	0	APR	7.5	0	APR	7.9	8	APR	7.9	9	APR	7.3	0	APR	7.7	0	APR	7.9	0	APR	7.3	0	APR	8.4	1	APR	7	3	APR	7	0	APR	10	0	APR	9	4	APR	7.4	8	APR	8.5	0	APR	7	0	APR	7.5	0	APR	8.5	0	APR	8.1	0	APR	8	2	APR	7.3	0	APR	8.5	0	APR	7.3	0	APR	8	5	APR	6.9	0	APR	8.3	0	APR	9.4	7	APR	7.6	6	APR	7	0	APR		sim	sim	sim
20162290158	3.13	0	REP	7.83	0	APR	1.88	0	REP	3.25	16	REP	4.38	32	REP	2.31	0	REP	4.53	44	REP	2.23	0	REP				2.25	0	REP	7.08	0	APR	2.66	0	REP	4.5	48	REP	2.78	2	REP				2.85	0	REP																																																																																																																																												não	não	não
20162290157	9.5	0	APR	9.8	0	APR	8.13	0	APR	8.8	0	APR	9.63	0	APR	9.38	0	APR	9.15	0	APR	9.41	0	APR	9.4	0	APR	9	0	APR	10	0	APR	9.35	0	APR	9.25	3	APR	8.9	0	APR	8	4	APR	9.53	0	APR				10	0	APR	8.5	0	APR	7.5	8	APR	9.4	0	APR	8	0	APR	8	0	APR	8.7	0	APR	9.3	0	APR	8.7	0	APR	9.5	0	APR	8.4	6	APR	7.9	0	APR	8.8	0	APR	9	6	APR	8.9	0	APR	10	0	APR	7.8	0	APR	8.3	0	APR	8.7	2	APR	7.8	11	APR	8.5	0	APR	8.5	0	APR	8.3	0	APR	8.9	0	APR	9.5	1	APR	7.5	3	APR	7.7	0	APR	10	0	APR	9.9	0	APR	8.8	5	APR	8.6	0	APR	8.8	0	APR	7.5	0	APR	10	0	APR	9	0	APR	9.2	0	APR	8.3	0	APR	8	0	APR	7.5	0	APR	9	2	APR	8.7	0	APR	9	0	APR	10	2	APR	7.1	8	APR	7.5	0	APR		sim	sim	sim
20162290532	0	0	REP	0	12	REP	0	0	REP	0	60	REP	0	60	REP	0	0	REP	0	60	REP	0	0	REP				0	0	REP	0	0	REP	0	0	REP	0	90	REP	0	16	REP				0	0	REP																																																																																																																																												não	não	não
20162290210	9.13	0	APR	8	0	APR	7.75	0	APR	7.25	0	APR	7.7	0	APR	7.88	0	APR	7.88	2	APR	7.01	0	APR	7.6	0	APR	7.33	0	APR	8	0	APR	8.38	0	APR	7.48	0	APR	8.15	2	APR	2.9	2	REP	8.5	0	APR				9.1	0	APR	6.1	0	APR	7	6	APR	7.8	0	APR	7.9	0	APR	7.8	0	APR	7.5	0	APR	8.1	0	APR	7.1	0	APR	7.7	0	APR	7	0	APR	7.9	0	APR	6.8	0	APR	8.6	0	APR	7	0	APR	9.3	0	APR	7.1	0	APR	7.5	0	APR	7.9	4	APR	7.6	3	APR	7	0	APR	7.4	0	APR	7	0	APR	7.8	0	APR	8.9	0	APR	6.6	6	APR	7	0	APR	9.3	0	APR	9	2	APR	7.7	0	APR	8.3	0	APR	7.7	0	APR	7.5	0	APR	7.4	0	APR	8.3	0	APR	9.1	0	APR	8	0	APR	8	0	APR	9.3	0	APR	7.7	6	APR	7.9	0	APR	8.3	0	APR	9.1	4	APR	8.9	7	APR	7	0	APR		sim	sim	sim
20162290160	8.25	0	APR	8.35	0	APR	7.38	0	APR	7.25	0	APR	7.7	0	APR	8.38	0	APR	8	0	APR	6	0	APR	8.4	0	APR	7.38	0	APR	8.33	0	APR	8.25	0	APR	7.6	3	APR	8.28	0	APR	7	0	APR	8.18	0	APR				9.1	0	APR	7	2	APR	7	6	APR	8.6	0	APR	8	0	APR	7.3	0	APR	8.1	0	APR	8.1	0	APR	7	0	APR	8.9	0	APR	6	1	APR	7.5	0	APR	8.1	0	APR	8.8	3	APR	8	0	APR	9.5	0	APR	7.1	0	APR	7.5	0	APR	7.5	8	APR	8.2	6	APR	7.4	0	APR	7.5	0	APR	8	0	APR	8.4	0	APR	8.4	1	APR	7.8	9	APR	7	0	APR	9.3	0	APR	8.6	2	APR	8	2	APR	8.3	0	APR	7.7	2	APR	7.5	0	APR	8.7	0	APR	8.4	0	APR	8	5	APR	8	0	APR	8.5	0	APR	9.8	0	APR	8.8	5	APR	6.6	0	APR	7.3	0	APR	8.9	12	APR	7.8	4	APR	8	0	APR		sim	sim	sim
20162290519	9.25	0	APR	8	0	APR	7.38	0	APR	7.68	2	APR	8.85	0	APR	8.88	0	APR	7.5	2	APR	7.79	0	APR	8.7	0	APR	7.8	0	APR	9.53	0	APR	9.13	0	APR	9	0	APR	8.73	0	APR	8.9	8	APR	8.39	0	APR				9.8	0	APR	8.9	0	APR	7.3	2	APR	9.6	0	APR	9.3	0	APR	8.9	0	APR	8	0	APR	8.1	0	APR	8.3	0	APR	8.5	0	APR	9.1	3	APR	8.9	0	APR	9.5	0	APR	9.3	3	APR	9.2	0	APR	10	0	APR	8.4	0	APR	8.5	0	APR	9.9	2	APR	8.9	12	APR	8.9	0	APR	8.5	0	APR	8.1	0	APR	8.6	0	APR	9.3	1	APR	9.4	6	APR	8.9	0	APR	9.5	0	APR	9.5	2	APR	9.6	8	APR	9.5	0	APR	9	2	APR	7	0	APR	10	0	APR	10	0	APR	9.7	0	APR	8	0	APR	9.3	0	APR	9.5	0	APR	9.5	2	APR	8.3	0	APR	9.5	0	APR	10	6	APR	8.6	8	APR	7.5	0	APR	SIM	sim	sim	sim
20162290510	7.88	0	APR	7.5	0	APR	6	0	APR	6.88	2	APR	6.75	4	APR	7.63	0	APR	7.95	2	APR	6.04	0	APR	7.7	0	APR	6.16	0	APR	6.16	0	APR	7.03	0	APR	7.05	6	APR	7.18	0	APR	2	4	REP	7.54	0	APR				9.1	0	APR	7	0	APR	7	4	APR	7.4	2	APR	8.4	0	APR	8.4	0	APR	7.1	0	APR	8	0	APR	7	0	APR	7.7	0	APR	5.9	0	REP	7	0	APR	8.5	0	APR	8	0	APR	8.5	0	APR	9.5	0	APR	7.1	0	APR	7.5	0	APR	7.5	2	APR	8.5	0	APR	8.2	0	APR	9.2	0	APR	7.3	0	APR	8.4	0	APR	7.8	0	APR	7.5	3	APR	7.4	0	APR	9.5	0	APR	9.6	0	APR	8.7	2	APR	8.3	0	APR	8.3	0	APR	7.5	0	APR	9.6	0	APR	8.8	0	APR	8.1	5	APR	8	0	APR	8	0	APR	7.3	0	APR	9	6	APR	8.8	0	APR	7.3	0	APR	8.6	7	APR	7.9	10	APR	9	0	APR		sim	sim	sim
20162290512	9.25	0	APR	9.05	0	APR	7.5	0	APR	7	2	APR	8.1	6	APR	8.13	0	APR	7.58	0	APR	7.14	0	APR	8.1	0	APR	7.48	0	APR	8.83	0	APR	7.95	0	APR	7.78	3	APR	7	0	APR	4.4	2	REP	8.65	0	APR				9.6	0	APR	7.3	0	APR	7	2	APR	9	0	APR	8.8	0	APR	8.4	0	APR	7.5	0	APR	9.3	0	APR	7.6	0	APR	8.4	0	APR	8.1	3	APR	8	0	APR	8.4	0	APR	8.8	3	APR							1.9	0	REP																			2.2	0	REP	2.2	1	REP							2.3	14	REP							9.3	0	APR																																											SIM	sim	sim	não
20152290028																																																	0	0		8.75	0		3.19	18		0	0		8.93	0		0	0		0	0		3.04	0		0	0		0	0		3.38	0		2.69	12		2.45	2		2.93	2		3	0																																																																																																não	não	não
20152290004																																																	9.1	0	APR	9.25	0	APR	9.08	2	APR	8.25	2	APR	9.55	0	APR	8.3	2	APR	8.63	1	APR	8.48	0	APR	9.35	0	APR	9.58	0	APR	9.38	0	APR	9.28	0	APR	9.58	0	APR	8.9	2	APR	8.8	0	APR	8.8	0	APR	10	0	APR	8.4	0	APR	7.8	2	APR	9.6	0	APR	8.7	6	APR	9.5	0	APR	8.5	0	APR	7.9	0	APR	9.5	0	APR	9.4	0	APR	8.3	0	APR	8.8	0	APR	7.3	0	APR	10	0	APR	9.2	2	APR	7	0	APR				10	0	APR	9	0	APR	8.5	0	APR	9.5	0	APR	8.5	0	APR	9.5	0	APR	8.8	0	APR	8.3	0	APR	9.2	0	APR	10	0	APR	9.3	6	APR	9.2	10	APR	9.3	2	APR		sim	sim	sim
20152290010																																																	7.63	0	APR	9	0	APR	8.4	0	APR	7.5	0	APR	8.8	0	APR	7.98	2	APR	7.5	4	APR	7.5	0	APR	8.4	0	APR	9.43	0	APR	9.25	0	APR	8	0	APR	2.46	0	REP	7.5	0	APR	8.5	0	APR	7.3	0	APR	9.5	0	APR	7.3	0	APR	6.2	4	APR	8.9	0	APR	7	16	APR	8.7	0	APR	7.5	0	APR	7.6	0	APR	8	0	APR	9.4	0	APR	7.6	0	APR	7	0	APR	2.9	0	REP	8.9	0	APR	8.2	2	APR	7	0	APR				10	0	APR	8	0	APR	7.5	0	APR	7	0	APR	8.3	0	APR	9	0	APR	8.7	0	APR	8.3	0	APR	8.1	0	APR	10	0	APR	9.6	4	APR	7.7	2	APR	8.3	0	APR		sim	sim	sim
20152290029																																																	9.93	0	APR	9.25	2	APR	9.38	2	APR	9.75	2	APR	9.8	0	APR	8.9	0	APR	8.88	0	APR	8.03	0	APR	8.95	0	APR	9.03	0	APR	9.38	0	APR	9.13	3	APR	9.88	0	APR	9.5	0	APR	9.6	0	APR	8.8	0	APR	10	0	APR	8.4	0	APR	7.9	2	APR	10	0	APR	8.3	9	APR	9.1	0	APR	8.9	0	APR	7.8	0	APR	9	0	APR	8.1	0	APR	9	0	APR	8.2	0	APR	7.8	0	APR	9.8	0	APR	9.1	0	APR	10	4	APR				10	0	APR	10	0	APR	8.5	0	APR	9.8	0	APR	9	0	APR	9.5	0	APR	9.1	0	APR	8.5	0	APR	8.3	0	APR	9.8	0	APR	9	10	APR	9.4	4	APR	9	2	APR		sim	sim	sim
20152290040																																																	2.55	0	REP	8.5	2	APR	3.04	9	REP	2.38	18	REP	2.06	0	REP	2.25	4	REP	2.2	8	REP	2.83	0	REP	2.2	0	REP	2.63	0	REP	3.16	0	REP	2.26	15	REP	1.5	4	REP	2.8	0	REP	2.2	3	REP																						7.9	0	APR																																																																							sim	não	não
20152290036																																																	7.98	0	APR	9.25	0	APR	9.6	0	APR	7.75	0	APR	9.5	0	APR	9.13	0	APR	9	0	APR	8.05	0	APR	9.7	0	APR	9.13	0	APR	9.45	0	APR	8.08	0	APR	7.5	0	APR	8.1	0	APR	8.1	0	APR	8	0	APR	9.8	0	APR	8.4	0	APR	7.4	2	APR	10	0	APR	9.3	9	APR	9.2	0	APR	7.1	0	APR	8	0	APR	8.8	0	APR	9.3	0	APR	8.6	0	APR	7.5	0	APR	7.8	0	APR	9.1	0	APR	9.3	0	APR	7	0	APR				10	0	APR	9.4	0	APR	9.3	0	APR	7	0	APR	8.3	0	APR	10	0	APR	9.3	0	APR	8.3	0	APR	9.6	0	APR	10	0	APR	10	8	APR	8.8	4	APR	9.3	2	APR		sim	sim	sim
20152290015																																																	8.3	0	APR	9.5	0	APR	9.27	0	APR	8.5	0	APR	10	0	APR	8.15	0	APR	8.5	0	APR	7.35	0	APR	8.55	0	APR	9.15	0	APR	9.5	0	APR	9.25	0	APR	3.09	0	REP	8.4	0	APR	8.5	0	APR	7.5	0	APR	10	0	APR	7	0	APR	6.2	6	APR	9.3	0	APR	7.6	20	APR	9	0	APR	8.4	0	APR	7.5	0	APR	8	0	APR	9.4	0	APR	7.6	0	APR	7	0	APR	3.2	0	REP	9.5	2	APR	8.6	10	APR	7.5	0	APR				10	0	APR	8	0	APR	8.5	0	APR	8	0	APR	9	0	APR	9.3	0	APR	8.8	0	APR	8.3	0	APR	8.3	0	APR	10	0	APR	10	6	APR	8.9	6	APR	8.3	0	APR		sim	sim	sim
20152290005																																																	7.43	0	APR	9.5	0	APR	8.63	2	APR	8.5	0	APR	8.93	0	APR	8.05	2	APR	8.5	4	APR	7.35	0	APR	9.35	0	APR	8.88	0	APR	8.75	0	APR	8	0	APR	7.5	0	APR	7.3	0	APR	8.8	0	APR	7	0	APR	10	0	APR	7.5	0	APR	6.2	10	APR	9.8	0	APR	7.6	21	APR	8.8	0	APR	8.5	0	APR	7.4	0	APR	8.1	0	APR	8.8	0	APR	7.8	0	APR	8.3	0	APR	8	0	APR	8.1	4	APR	8	6	APR	7.5	4	APR				10	0	APR	7.9	0	APR	8.3	0	APR	7	0	APR	8.5	0	APR	9.5	0	APR	7.2	0	APR	8.3	0	APR	7.5	0	APR	10	0	APR	9	8	APR	7	4	APR	8.3	0	APR		sim	sim	sim
20152290034																																																	9.63	0	APR	9.5	0	APR	9.18	4	APR	9	0	APR	9.63	0	APR	8.63	0	APR	8.75	0	APR	8.13	0	APR	9	0	APR	9.02	0	APR	9.5	0	APR	8.78	0	APR	9.06	0	APR	9.3	0	APR	9.4	0	APR	8.5	0	APR	10	0	APR	8.3	0	APR	7.9	0	APR	9.2	0	APR	8.6	9	APR	9.1	0	APR	7.8	0	APR	8	0	APR	8.6	0	APR	9.1	0	APR	8.6	0	APR	7.4	0	APR	7	0	APR	10	0	APR	8.9	4	APR	8.5	0	APR				10	0	APR	8.3	0	APR	7	0	APR	8	0	APR	8.5	0	APR	9.5	0	APR	9.5	0	APR	8.5	0	APR	9.3	0	APR	9.7	0	APR	9	10	APR	8.3	14	APR	9	4	APR		sim	sim	sim
20152290038																																																	8.65	0	APR	9	0	APR	8.73	0	APR	8.25	0	APR	9.5	0	APR	8.05	0	APR	8.25	1	APR	7.78	0	APR	8.7	0	APR	9	0	APR	9.38	0	APR	8.7	0	APR	8.45	4	APR	8.4	0	APR	8	0	APR	8.5	0	APR	9.8	0	APR	7.9	0	APR	7.8	0	APR	9.4	0	APR	9	9	APR	9.4	0	APR	8.1	0	APR	7.4	0	APR	8.8	0	APR	9	0	APR	9.3	0	APR	7.8	0	APR	8.3	0	APR	10	0	APR	8.7	0	APR	8.3	2	APR				10	0	APR	9.1	0	APR	9.3	0	APR	8.2	0	APR	8.3	0	APR	9.5	0	APR	9	0	APR	8.3	0	APR	9.4	0	APR	9.1	0	APR	10	2	APR	8.1	2	APR	8.3	0	APR		sim	sim	sim
20152290017																																																	9.93	0	APR	9.13	0	APR	8.1	2	APR	7.13	2	APR	8.25	0	APR	7.8	0	APR	9.13	6	APR	7.53	0	APR	8.45	0	APR	9.08	0	APR	8.63	0	APR	8.1	3	APR	7.23	2	APR	8.3	2	APR	8.1	3	APR	9	0	APR	9.8	0	APR	8.3	0	APR	7.4	0	APR	9.8	0	APR	8.6	18	APR	9.4	0	APR	7.9	0	APR	7.4	0	APR	8.6	0	APR	9	0	APR	7.8	0	APR	7.7	0	APR	8.3	0	APR	9.8	0	APR	8.2	0	APR	7.8	0	APR				10	0	APR	9	0	APR	9.5	0	APR	8	0	APR	8	0	APR	9.5	0	APR	8.6	0	APR	8.3	0	APR	9.5	0	APR	10	0	APR	9.3	10	APR	8.2	2	APR	8.3	0	APR		sim	sim	sim
20152290027																																																	7.8	0	APR	8.5	2	APR	8.03	2	APR	8.13	4	APR	8.58	0	APR	7.83	2	APR	9.13	9	APR	7.55	0	APR	9.25	0	APR	8.28	0	APR	9.1	0	APR	7.28	3	APR	8.56	4	APR	8.9	4	APR	8.7	3	APR	7.8	0	APR	9.8	0	APR	7.5	0	APR	7.9	0	APR	10	0	APR	8	10	APR	9	0	APR				8	0	APR	8.8	0	APR	8.7	0	APR	9	0	APR	8.6	0	APR	8	0	APR	9.8	2	APR	8.8	5	APR	9.3	0	APR				10	0	APR	9.1	0	APR	8	0	APR	7.6	0	APR	7.5	0	APR	9.5	0	APR	8.3	0	APR	8.3	0	APR	8.1	0	APR	8.7	0	APR	9.5	12	APR	7.7	6	APR	7.3	4	APR		sim	sim	sim
20142290016																																																	8.55	0	APR	9	0	APR	7.7	2	APR	7	0	APR	8.38	0	APR	7.53	0	APR	7.88	2	APR	7.2	0	APR	9.15	0	APR	9.43	0	APR	8.95	0	APR	8.2	3	APR	2.69	0	REP	7.61	2		8.8	0					0	0																							7	0	APR																			7	0	APR																																												sim	sim	não
20152290037																																																	2.08	0	REP	2.38	0	REP	2.4	56	REP	1	32	REP	1.06	0	REP	1.85	5	REP	1.19	2	REP	1.75	0	REP	2	0	REP	1.18	0	REP	1.15	0	REP	2.13	54	REP	0	120	REP	1.34	2		1.47	12					9.8	0	APR																																																																																									sim	não	não
20152290006																																																	8.65	0	APR	9.25	2	APR	7.31	12	APR	7	4	APR	7.1	0	APR	6.31	0	APR	8.13	12		7	0	APR	6.88	0	APR	8.58	0	APR	8.38	0	APR	7.05	3	APR	1.86	8	REP	7.31	2		2.15	6																																																																																																sim	não	não
20152290026																																																	7.35	0	APR	8.5	2	APR	7.95	7	APR	8.5	4	APR	8.25	0	APR	7.08	4	APR	7.13	6	APR	7.15	0	APR	7.5	0	APR	7.45	0	APR	8.05	0	APR	7.3	6	APR	2.5	5	REP	7.6	2	APR	8.8	3	APR	7.7	0	APR	9.8	0	APR	7.6	0	APR	7.8	2	APR	7.8	0	APR	7.4	13	APR	8.3	0	APR	7.4	0	APR	7	0	APR	7.6	0	APR	9.1	0	APR	7.5	0	APR	7.1	0	APR	7.8	0	APR	7.9	6	APR	7.3	12	APR	8	0	APR				8.5	0	APR	8	0	APR	8.6	0	APR	7	0	APR	8	0	APR	8.8	0	APR	7.5	0	APR	8.3	0	APR	8.3	0	APR	9.2	0	APR	8.5	16	APR	8.2	10	APR	8	4	APR		sim	sim	sim
20152290012																																																	7.53	0	APR	8.5	2	APR	8.75	3	APR	8	6	APR	9.08	0	APR	7.8	0	APR	8	6	APR	7.5	0	APR	8.95	0	APR	8.48	0	APR	8.88	0	APR	8.58	6	APR	7.63	4	APR	7.7	2	APR	9.1	3	APR	7.2	0	APR	10	0	APR	7.5	0	APR	7.4	0	APR	9.9	0	APR	8	14	APR	8.8	0	APR	8.8	0	APR	7.8	0	APR	8.8	0	APR	9	0	APR	7.7	0	APR	7.3	0	APR	8	0	APR	9.5	2	APR	8.7	2	APR	7	0	APR				10	0	APR	8.3	0	APR	9	0	APR	7.4	0	APR	8	0	APR	9.3	0	APR	7.8	0	APR	8.3	0	APR	8.1	0	APR	9.9	0	APR	9	8	APR	9	2	APR	7	0	APR		sim	sim	sim
20152290039																																																	0	0		9.25	0		7.08	4		0	0		9.63	0		7.08	0		0	0		3.01	0		0	0		7.55	0		3.13	0		7.43	6		3.02	0		8.13	0		7.3	6																																																																																																não	não	não
20152290007																																																	9.8	0	APR	9.75	0	APR	9.55	0	APR	9.63	2	APR	9.83	0	APR	9.65	0	APR	9.5	0	APR	8.5	0	APR	9.6	0	APR	9.1	0	APR	9.58	0	APR	9.08	0	APR	9.18	0	APR	9.8	0	APR	9.5	0	APR	8	0	APR	10	0	APR	8.1	0	APR	7.9	2	APR	10	0	APR	9.8	7	APR	9.2	0	APR	9.2	0	APR	7.9	0	APR	9.6	0	APR	9.1	0	APR	8.5	0	APR	9	0	APR	7	0	APR	10	0	APR	9.6	4	APR	10	2	APR				10	0	APR	10	0	APR	8.6	0	APR	7	0	APR	8	0	APR	9.5	0	APR	7.8	0	APR	8.3	0	APR	8.9	0	APR	9.5	0	APR	9.3	10	APR	8.3	7	APR	9.3	2	APR		sim	sim	sim
20152290035																																																	9.63	0	APR	9.5	0	APR	7.85	5	APR	7.75	0	APR	8.3	0	APR	8.9	0	APR	8.5	2	APR	7.13	0	APR	9.15	0	APR	9.23	0	APR	9.33	0	APR	7.88	3	APR	8.13	0	APR	8.8	0	APR	8.2	0	APR	8.8	0	APR	9.8	0	APR	7.4	0	APR	7.1	4	APR	9.4	0	APR	7.8	27	APR	8.4	0	APR	8.3	0	APR	7.5	0	APR	8.3	0	APR	9.3	0	APR	8.4	0	APR	8.5	0	APR	7.8	0	APR	9.9	2	APR	8.6	6	APR	8.5	2	APR				10	0	APR	8.3	0	APR	9	0	APR	7.7	0	APR	8.5	0	APR	9	0	APR	7.9	0	APR	8.3	0	APR	9.4	0	APR	10	0	APR	9.3	10	APR	8.4	2	APR	9.5	0	APR		sim	sim	sim
20152290009																																																	8.02	0	APR	9.25	0	APR	8.4	7	APR	7	8	APR	8.68	0	APR	7.18	3	APR	8.13	0	APR	7.15	0	APR	7.8	0	APR	8.08	0	APR	7.95	0	APR	8.38	0	APR	2.19	0	REP	7.1	4		7.43	6					0	0																	0	0					1.8	0	REP				8.3	0	APR	0	0		0	0																																																						sim	sim	não
20152290041																																																	8.1	0	APR	9.63	0	APR	8.88	0	APR	8.75	0	APR	8.43	0	APR	9.05	0	APR	9.38	0	APR	8.23	0	APR	9.35	0	APR	9.05	0	APR	9.08	0	APR	8.55	0	APR	8.94	0	APR	9.5	0	APR	8.9	0	APR	7.8	0	APR	10	0	APR	7.9	0	APR	7.9	4	APR	8.8	0	APR	8.5	1	APR	9.4	0	APR	8.7	0	APR	7.4	0	APR	9.4	0	APR	8.8	0	APR	8.5	0	APR	8	0	APR	7	0	APR	10	0	APR	9.3	0	APR	8.8	2	APR				8.5	0	APR	9.6	0	APR	7.4	0	APR	7.6	0	APR	8.3	0	APR	10	0	APR	7	0	APR	8.3	0	APR	9.6	0	APR	9.7	0	APR	9.5	0	APR	10	0	APR	9.3	2	APR		sim	sim	sim
20152290022																																																	7.33	0	APR	8.5	0	APR	8.08	2	APR	7	0	APR	8.98	0	APR	7.35	4	APR	7.63	2	APR	7.3	0	APR	7.8	0	APR	7.95	0	APR	8.85	0	APR	7.28	0	APR	7.25	0	APR	8.1	2	APR	8.8	6	APR	6.9	0	APR	10	0	APR	8.1	0	APR	7	14	APR	8.6	0	APR	7.3	7	APR	8.7	0	APR	7.1	0	APR	7	0	APR	7.8	0	APR	9.3	0	APR	7.3	0	APR	7.5	0	APR	7	0	APR	10	6	APR	9.1	6	APR	7	4	APR				8.5	0	APR	9.4	0	APR	7.3	0	APR	7.5	0	APR	8	0	APR	9.5	0	APR	6	0	APR	8.3	0	APR	8.6	0	APR	10	0	APR	9.5	6	APR	6.8	10	APR	7	2	APR		sim	sim	sim
20172291085	9.3	0	APR	8.1	0	APR	7.5	0	APR	7.6	0	APR	8	0	APR	9.4	0	APR	8.5	2	APR	8.9	0	APR	7.6	0	APR	7.5	0	APR	7.8	0	APR				7.5	9	APR				7	0	APR	9.1	0	APR	7.6	0	APR	8	0	APR	8.2	5	APR	10	0	APR	7.9	6	APR	7.6	0	APR	8.5	0	APR	8.9	2	APR	8.3	0	APR	8.7	0	APR				7.9	0	APR	7.1	27	APR	10	0	APR	8.6	2	APR	7.4	0	APR	7.69	0	APR	7.1	0	APR	8.75	0	APR	7.08	0	APR	8.41	20	APR	7.21	0	APR	7.37	5	APR	8.9	0	APR	8.37	20	APR				7.54	0	APR	8.11	18	APR	7.2	0	APR	7.62	14	APR	8.4	0	APR	9.75	0	APR	8.11	18	APR	7.62	14	APR	9.75	0	APR	9.75	0	APR																															VER SE ELA JÁ SE FORMOU...	sim	sim	sim
20172291087	9.1	0	APR	8.5	0	APR	7.4	0	APR	9.6	0	APR	7.7	4	APR	8.9	0	APR	9	0	APR	8.4	0	APR	7.8	0	APR	7	0	APR	7	0	APR				9.9	4	APR				1.7	0	REP	8.4	2	APR	6.1	0	APR	7.7	0	APR	7.9	19	APR	9.5	0	APR	8.6	8	APR	8.3	0	APR	8.2	0	APR	7.1	7	APR	7.4	0	APR	7.7	0	APR				7.9	0	APR	7.4	40	REPF	9	0	APR	8.5	10	APR																												9	6	APR										8.1	0	APR				7.6	4	APR																																															sim	sim	não
20172291098	2.3	0	REP	1.9	0	REP	2	0	REP	7.3	0	APR	4.3	42	REMF	2.3	0	REP	7.6	6	APR	2.1	0	REP	2.6	0	REP	3	0	REP	2.7	0	REP				4.9	36	REMF				1.8	0	REP	3.2	26	REMF																																																																									8.37	6	APR										2.9	0	REP				2.6	32	REMF																																														NÃO	sim	não	não
20172291095							1.5	0	REP							1.7	0	REP	2.4	16	REP				1.9	0	REP	1.5	0	REP	1.4	0	REP				3.5	44	REMF							1.4	33	REMF																																																																																											1.6	34	REMF																																															não	não	não
20172290946	7	0		1.8	0		6.8	0		1.6	0		4.9	24		7.1	0		4.7	27		2.1	0		3.3	0		1.1	0		1.5	0					6.2	34					1	0		4	19																																																																																						2.6	0					1.9	20																																																não	não	não
20172291110	9.1	0	APR	9.2	0	APR	9.6	0	APR	9.9	0	APR	10	2	APR	9.5	0	APR	9.5	0	APR	9.1	0	APR	7.7	0	APR	8.5	0	APR	10	0	APR				10	2	APR				8.9	0	APR	9.9	0	APR	9.5	0	APR	9.8	0	APR	10	1	APR	10	0	APR	10	0	APR	9.5	0	APR	9.2	0	APR	9.4	0	APR	8.3	0	APR	9.7	0	APR				10	0	APR	9.5	17	APR	9.6	0	APR	9.8	0	APR	9.05	0	APR	9.09	0	APR	9.1	0	APR	10	0	APR	9.8	0	APR	9.25	12	APR	9.58	0	APR	8.91	1	APR	9.1	0	APR							9.75	0	APR	9.22	0	APR	9.9	0	APR	10	2	APR	9.9	0	APR	9.36	0	APR	9.22	0	APR	10	2	APR	9.36	0	APR	9.36	0	APR																																sim	sim	não
20172291112	9.3	0	APR	8.3	0	APR	8.3	0	APR	9.8	0	APR	9.3	0	APR	9.3	0	APR	9	0	APR	9.1	0	APR	8.9	0	APR	8.7	0	APR	9.5	0	APR				9.9	2	APR				8.3	0	APR	9.3	0	APR	8.8	0	APR	9.5	0	APR	10	0	APR	10	0	APR	10	0	APR	9	0	APR	9.7	0	APR	9.6	0	APR	9	0	APR	9.9	0	APR				8.9	0	APR	8.9	8	APR	9.8	0	APR	9.5	2	APR	8.76	0	APR	8.9	0	APR	7.5	0	APR	9.5	0	APR	9.08	0	APR	9.25	13	APR	8.61	0	APR	7.62	2	APR	9.1	0	APR							7.91	0	APR	8.41	2	APR	9.6	0	APR	9.5	4	APR	9.1	0	APR	9.5	0	APR	8.41	2	APR	9.5	4	APR	9.11	0	APR	9.5	0	APR																															SIM	sim	sim	sim
20162291157				7.5	0	APR	7.9	0	APR							0	0		8	0	APR	6.9	0	APR	8.6	0	APR	2.2	0	REP	9	0	APR				7.8	8	APR				7.8	0	APR	8.9	8	APR	7.5	0	APR	7.2	0	APR	8.5	9	APR	10	0	APR	8	16	APR	8.9	0	APR	8.1	0	APR	7.6	5	APR	7.6	0	APR	7.7	6	APR				7.5	0	APR	6	35	APR	8.6	0	APR	8	8	APR	7.45	0	APR	8.51	0	APR	7	0	APR	8.25	0	APR	8.3	0	APR	7.37	16	APR	7.01	0	APR	7.12	6	APR	7.5	0	APR							7.5	0	APR	7.23	9	APR	3.1	0	REP	7	20	APR	7.6	6	APR	7.5	0	APR	7.23	9	APR	7	20	APR	7.37	0	APR	7.5	0	APR																																sim	sim	não
20172291114	9.5	0	APR	8.7	0	APR	7.8	0	APR	8.8	0	APR	8.7	0	APR	9.1	0	APR	9.1	0	APR	8.4	0	APR	8.3	0	APR	7.4	0	APR	9.7	0	APR				9.3	4	APR				7.1	0	APR	9.5	0	APR	9.4	0	APR	9.4	0	APR	10	2	APR	10	0	APR	10	0	APR	9.1	0	APR	9.4	0	APR	9.2	0	APR	8.1	0	APR	9.4	0	APR				8	0	APR	8.3	15	APR	9.5	0	APR	8.9	0	APR	9.57	0	APR	8.83	0	APR	8.1	0	APR	9.5	0	APR	9.01	0	APR	9.25	8	APR	9.01	0	APR	7.66	2	APR	8.6	0	APR	7.12	10	APR				8.55	0	APR	8.26	3	APR	8.5	0	APR	9.11	2	APR	8.1	0	APR	9.5	0	APR	8.26	3	APR	9.11	2	APR	9.11	0	APR	9.5	0	APR																																sim	sim	não
20172291041	3.1	0	REP	1.7	0	REP	0	0	REP	2.2	0	REP	3.8	24	REMF	2.4	0	REP	1.9	16	REP	1.5	0	REP	2.8	0	REP	1.1	0	REP	2	0	REP				1.4	47	REMF				0.3	0	REP	1.1	20	REP																																																																																					3.1	0	REP				1.2	18	REP																																															não	não	não
20172291099	0	0	REP	1.8	0	REP	0	0	REP	0	0	REP	0	67	REMF	0	0	REP	0	16	REP	0	0	REP	0	0	REP	0	0	REP	0	0	REP				0	67	REMF				0	0	REP	0	55	REMF																																																																																					0	0	REP				0	56	REMF																																															não	não	não
20172291120	8.8	0	APR	8.7	0	APR	8.5	0	APR	8.5	0	APR	8.6	2	APR	8.6	0	APR	8.4	2	APR	7.7	0	APR	8.5	0	APR	7.2	0	APR	9.4	0	APR				9.4	6	APR				8.5	0	APR	8.5	2	APR	8.8	0	APR	9.2	0	APR	9.1	11	APR	10	0	APR	10	2	APR	9.1	0	APR	8.6	0	APR	8.1	0	APR	8.5	0	APR	8.5	0	APR				9.4	0	APR	8.1	16	APR	9.4	0	APR	8.7	6	APR	7.51	0	APR	7.79	0	APR	7	0	APR	8.5	0	APR	7.75	0	APR	8.41	18	APR	7.51	0	APR	7.87	3	APR	8.3	0	APR	8.75	0	APR				8.11	0	APR	7.7	12	APR	8.5	0	APR	8.75	14	APR	9.4	2	APR	9.5	0	APR	7.7	12	APR	8.75	14	APR	9.11	0	APR	9.5	0	APR																																sim	sim	não
20172291089	9.1	0	APR	7.8	0	APR	7	0	APR	9.6	0	APR	7.2	4	APR	9.4	0	APR	7.6	2	APR	8	0	APR	7.6	0	APR	7.9	0	APR	7.4	0	APR	9.2	0	APR	9.2	4	APR				8.3	0	APR	7.1	2	APR	8.4	0	APR	8.6	0	APR	8.5	4	APR	10	0	APR	8.7	2	APR	8.8	0	APR	8.9	0	APR	7	3	APR	8.1	0	APR	7.6	0	APR	9.3	0	APR	7.6	0	APR	8.8	12	APR	9.2	0	APR	9	0	APR	8.14	0	APR	7.62	0	APR	7.6	0	APR	8.25	0	APR	8.43	0	APR	8.05	12	APR	7.62	0	APR	7.25	2	APR	8.5	0	APR	8	4	APR				7.45	0	APR	7.83	9	APR	9.1	0	APR	9.25	12	APR	7.3	2	APR	9.36	0	APR	7.83	9	APR	9.25	12	APR	9.36	0	APR	9.36	0	APR																															NÃO	sim	sim	não
20172291127	8.5	0	APR	8.4	0	APR	6	0	APR	7.3	0	APR	6.3	12	APR	7	0	APR	6.1	0	APR	7	0	APR	6	0	APR	7	0	APR	6	0	APR				5.5	17	REP				0.5	0	REP	6.7	12	APR	7.8	0	APR	7.9	0	APR	7.6	10	APR	10	0	APR	8.1	12	APR	8.6	0	APR	8.2	0	APR	7.7	4	APR	7.6	0	APR	7.5	2	APR				7.8	0	APR	8.6	38	APR	7.7	0	APR				7.57	0	APR	8.25	0	APR	7.6	0	APR	8.25	0	APR	8.36	0	APR	9.33	12	APR	8.22	0	APR	8.05	3	APR	8.4	0	APR	8.5	8	APR				7.5	0	APR	7.37	25	APR	8	0	APR	8.25	20	APR	7.5	20	APR	9.86	0	APR	7.37	25	APR	8.25	20	APR	9.86	0	APR	9.86	0	APR																															NÃO	sim	sim	não
20172291094	0	0	REP	1.8	0	REP	0	0	REP	0.3	0	REP	0	67	REMF	1.8	0	REP	0.3	16	REP	0	0	REP	0	0	REP	1	0	REP	0.7	0	REP				0.4	51	REMF				0	0	REP	0	22	REMF																																																																									8.5	20	APR										0	0	REP				0	56	REMF																																															sim	não	não
20172291115	8.6	0	APR	8.6	0	APR	7.6	0	APR	9.5	0	APR	7.9	2	APR	8.4	0	APR	8.6	2	APR	8	0	APR	7.8	0	APR	7.8	0	APR	7	0	APR				9	4	APR				7.1	0	APR	8.4	0	APR	8.2	0	APR	8.5	0	APR	9.1	11	APR	10	0	APR	8.7	4	APR	8.9	0	APR	8.2	0	APR	7.5	8	APR	7.5	0	APR	8.4	0	APR				8.2	0	APR	6.9	23	APR	8.2	0	APR	8.1	10	APR	7.75	0	APR	7.44	0	APR	7.1	0	APR	8.25	0	APR	7.66	0	APR	8.11	12	APR	7.54	0	APR	7.75	2	APR	7.1	0	APR	7.5	16	APR				7.5	0	APR	7.76	25	APR	8.4	0	APR	8.86	18	APR	7.4	2	APR	9.86	0	APR	7.76	25	APR	8.86	18	APR	9.25	0	APR	9.86	0	APR																																sim	sim	sim
20172291111	7.3	0	APR	3.2	0	REP	3	0	REP	7.3	0	APR	3.4	20	REP	3	0	REP	3.2	16	REP	2.6	0	REP	3	0	REP	2.6	0	REP	3.4	0	REP				6.5	35	REPF				1.9	0	REP	2.3	10	REP																																																																																					3.4	0	REP				2.2	8	REP																																															sim	não	não
20172291125	3.1	0	REP	2.3	0	REP	2	0	REP	2.8	0	REP	7	12	APR	8.8	0	APR	3.4	0	REP	3.3	0	REP	3	0	REP	7	0	APR	3.3	0	REP				3.3	14	REP				7.3	0	APR	2.5	12	REP																																																																																					3.2	0	REP				7.3	14	APR																																															sim	não	não
20172291105	8.6	0	APR	7.5	0	APR	6.2	0	APR	7.5	0	APR	7.5	2	APR	8.3	0	APR	7.2	0	APR	6.5	0	APR	7.1	0	APR	3.5	0	REP	6.2	0	APR				6.4	6	APR				7	0	APR	8.1	6	APR	6.8	0	APR	7.3	0	APR	7	15	APR	9.8	0	APR	7.8	10	APR	8.4	0	APR	7.2	0	APR	7	4	APR	2.7	0	REP	8.2	2	APR				7.8	0	APR	7.3	30	APR	8.1	0	APR	7.7	6	APR	7	0	APR	7.09	0	APR	6	0	APR	8	0	APR	7.04	0	APR	7.16	12	APR	7	0	APR	7.12	1	APR	8.1	0	APR	7.37	20	APR				7	0	APR	7.04	24	APR	8.8	0	APR	7	17	APR	7.7	6	APR	7.5	0	APR	7.04	24	APR	7	17	APR	7.5	0	APR	7.5	0	APR																																sim	sim	sim
20172290941	8.8	0	APR	7.6	0	APR	7.4	0	APR	9	0	APR	7.2	12	APR	8.6	0	APR	8.2	0	APR	7.8	0	APR	8.5	0	APR	8.3	0	APR	9	0	APR				7.8	7	APR				8.4	0	APR	8.3	9	APR	8.9	0	APR	8.7	0	APR	8.7	9	APR	10	0	APR	8.1	2	APR	8.3	0	APR	8.2	0	APR	6.8	4	APR	8.4	0	APR	9	0	APR				8.3	0	APR	7.9	19	APR	8.5	0	APR	9.1	2	APR	7.88	0	APR	7.57	0	APR	7.4	0	APR	8.75	0	APR	8.07	0	APR	8.93	17	APR	7.2	0	APR	7.5	4	APR	8.9	0	APR	7.37	6	APR				8.11	0	APR	7.57	28	APR	8.7	0	APR	7.75	20	APR	7.8	12	APR	9.5	0	APR	7.57	28	APR	7.75	20	APR	9.25	0	APR	9.5	0	APR																																sim	sim	sim
20172291128	9	0	APR	7.8	0	APR	8.6	0	APR	9.5	0	APR	8.8	0	APR	9	0	APR	8.9	4	APR	8.6	0	APR	8.1	0	APR	8	0	APR	8.8	0	APR				9.5	8	APR				8	0	APR	9.5	0	APR	7.1	0	APR	9.9	0	APR	9.5	0	APR	10	0	APR	10	0	APR	8.9	0	APR	9.4	0	APR	9.1	0	APR	8.2	0	APR	9.4	0	APR				9.3	1	APR	9.2	6	APR	9.5	0	APR	9.6	0	APR	7.96	0	APR	8.32	0	APR	8.5	0	APR	8.75	0	APR	9.01	0	APR	9.25	2	APR	7.71	0	APR	8.41	2	APR	8.8	0	APR	8	2	APR				8.11	0	APR	8.43	3	APR	8.6	0	APR	9.25	2	APR	9.6	0	APR	9.36	0	APR	8.43	3	APR	9.25	2	APR	9.36	0	APR	9.36	0	APR																															SIM	sim	sim	sim
20172291123	7.4	0	APR	7.9	0	APR	3.1	0	REP	7	0	APR	6.2	6	APR	5.4	0	REP	2.7	2	REP	2.9	0	REP	7	0	APR	2.1	0	REP	2.6	0	REP				2.6	16	REP				0.8	0	REP	7	10	APR																																																																																					6	0	APR				2.5	4	REP																																															não	não	não
20172291093	8.5	0	APR	8	0	APR	7.5	0	APR	8.8	0	APR	7.1	10	APR	8.6	0	APR	7.6	0	APR	7.4	0	APR	8.2	0	APR	4.8	0	REP	7.7	0	APR				7.8	6	APR				1.4	0	REP	8.2	2	APR	6.4	0	APR	8.6	0	APR	7.3	14	APR	10	0	APR	7.9	12	APR	8.4	0	APR	7.7	0	APR	6	4	APR	2.7	0	REP	7	2	APR				7.2	0	APR	7	34	APR	8.7	0	APR	7.9	14	APR	7.29	0	APR	8.25	0	APR	6.7	0	APR	8.75	0	APR	8.18	0	APR	8.25	16	APR	7.25	0	APR	8	4	APR	8.3	0	APR	7.5	12	APR				7.51	0	APR	7.07	16	APR	8.4	0	APR	9	12	APR	7.7	8	APR	7.5	0	APR	7.07	16	APR	9	12	APR	7.87	0	APR	7.5	0	APR																																sim	sim	não
20172291122	9.5	0	APR	8.1	0	APR	6.7	0	APR	7.5	0	APR	7.2	4	APR	8.6	0	APR	8.3	0	APR	7.8	0	APR	8.5	0	APR	7.4	0	APR	7.9	0	APR				7.3	6	APR				7	0	APR	7.6	0	APR	7.5	0	APR	7.6	0	APR	7.8	20	APR	10	0	APR	7.6	12	APR	7.3	0	APR	7.3	0	APR	7.5	9	APR	7.6	0	APR	8.5	0	APR				7.3	1	APR	3.9	72	REMF	8.2	0	APR	7.3	16	APR	8.22	0	APR	8.25	0	APR	7	0	APR	8.75	0	APR	7.51	0	APR	8.55	11	APR	7.62	0	APR	7	3	APR	7.8	0	APR	7.87	16	APR				7.25	0	APR	7.65	26	APR	7.7	0	APR	8.5	17	APR	7.9	6	APR	8.5	0	APR	7.65	26	APR	8.5	17	APR	8.36	0	APR	8.5	0	APR																																sim	sim	não
20172291124	9.4	0	APR	7.5	0	APR	7.9	0	APR	9	0	APR	7.4	2	APR	9.3	0	APR	8.1	0	APR	7.1	0	APR	8.1	0	APR	7	0	APR	8.2	0	APR				8	2	APR				7	0	APR	8.2	5	APR	7.1	0	APR	7.4	0	APR	9.3	8	APR	10	0	APR	8.1	0	APR	8.9	0	APR	8	0	APR	7.5	5	APR	7.1	0	APR	8.4	0	APR				7.9	0	APR	6.5	26	APR	8.8	0	APR	8.3	4	APR	7.54	0	APR	7.94	0	APR	7.4	0	APR	8.75	0	APR	8.08	0	APR	8.36	8	APR	9.26	0	APR	8	4	APR	8.5	0	APR	8.75	8	APR				7.75	0	APR	7.21	4	APR	9	0	APR	9.36	4	APR	7.4	2	APR	8.5	0	APR	7.21	4	APR	9.36	4	APR	8.36	0	APR	8.5	0	APR																																sim	sim	não
20172291103	8.5	0	APR	8.6	0	APR	8.5	0	APR	9.1	0	APR	8.3	4	APR	8.8	0	APR	8.9	0	APR	8.3	0	APR	7.6	0	APR	7.3	0	APR	8.8	0	APR				10	8	APR				8.5	0	APR	9.4	0	APR	8	0	APR	9.3	0	APR	9.9	0	APR	10	0	APR	10	0	APR	8.6	0	APR	8.2	0	APR	8.3	0	APR	8.4	0	APR	8.4	0	APR				9.3	0	APR	8.8	10	APR	9.1	0	APR	9.2	2	APR	8.51	0	APR	7.79	0	APR	7.8	0	APR	9.5	0	APR	8.83	0	APR	9.26	4	APR	8.08	0	APR	8.61	1	APR	8.6	0	APR	8.25	2	APR				9.07	0	APR	8.41	0	APR	8.4	0	APR	9.36	0	APR	9	0	APR	9.5	0	APR	8.41	0	APR	9.36	0	APR	9.11	0	APR	9.5	0	APR																															SIM	sim	sim	não
20172291130	8.6	0	APR	8.9	0	APR	8.1	0	APR	9.5	0	APR	7.9	0	APR	8.4	0	APR	8	0	APR	7.6	0	APR	7.6	0	APR	7.6	0	APR	7.3	0	APR	9.4	0	APR	8.1	2	APR				8.1	0	APR	7.9	0	APR	8.7	0	APR	9	0	APR	8	2	APR	10	0	APR	8.8	2	APR	8.1	0	APR	8.8	0	APR	7.7	5	APR	7.3	0	APR	8.7	0	APR	9.3	0	APR	8.1	0	APR	8.1	14	APR	8.8	0	APR	8.4	0	APR	8.36	0	APR	7.87	0	APR	7.3	0	APR	8.25	0	APR	8.8	0	APR	8	14	APR	7.83	0	APR	7.04	2	APR	7.9	0	APR	8.12	2	APR				7.62	0	APR	7.83	0	APR	8.7	0	APR	9.61	2	APR	7.1	0	APR	9.86	0	APR	7.83	0	APR	9.61	2	APR	9.25	0	APR	9.86	0	APR																															SIM	sim	sim	não
20172291121	8.6	0	APR	9.3	0	APR	8.3	0	APR	9.9	0	APR	8.9	4	APR	9.1	0	APR	8.5	4	APR	7.7	0	APR	9	0	APR	7.8	0	APR	9.1	0	APR				9.7	2	APR				8.3	0	APR	8.3	6	APR																																																																																					9	0	APR				8.2	4	APR																																															sim	sim	não
20172291097	8.9	0	APR	7.9	0	APR	6.9	0	APR	9	0	APR	8.1	10	APR	8.5	0	APR	9.1	0	APR	7.9	0	APR	7.8	0	APR	7.5	0	APR	7.6	0	APR				9.4	16	APR				7	0	APR	8.2	6	APR	2.4	0	REP	1.3	0	REP	5.6	29	REMF	8	0	APR	4.1	42	REMF	3	0	REP	3	0	REP	4.1	13	REMF	2.8	0	REP	2.8	0	REP				5.5	40	REMF	5.2	68	REMF	8.2	0	APR	7	26	REPF																																								7.4	0	APR				9.2	10	APR																																															sim	sim	não
20172291108	9.8	0	APR	9.2	0	APR	7	0	APR	9	0	APR	7.8	2	APR	9.3	0	APR	8.4	2	APR	9	0	APR	8.5	0	APR	7.3	0	APR	8.4	0	APR				8.5	5	APR				7	0	APR	8	0	APR	7.3	0	APR	8.7	0	APR	9.7	0	APR	10	0	APR	8.5	0	APR	8.9	0	APR	8.9	0	APR	8.3	1	APR	8.3	0	APR	8.5	0	APR				8.4	0	APR	8.5	8	APR	9.5	0	APR	9	0	APR	7.91	0	APR	9.25	0	APR	7.1	0	APR	10	0	APR	8.07	0	APR	9.22	6	APR	8.3	0	APR	8.86	1	APR	9.1	0	APR	8.37	0	APR				8.61	0	APR	8.41	1	APR	8.4	0	APR	9.25	0	APR	8.8	6	APR	9.75	0	APR	8.41	1	APR	9.25	0	APR	9.75	0	APR	9.75	0	APR																															NÃO	sim	sim	sim
20172291100	9.3	0	APR	8.3	0	APR	7.5	0	APR	9.4	0	APR	8.3	2	APR	8.8	0	APR	8.4	4	APR	8	0	APR	8.4	0	APR	7.3	0	APR	9.3	0	APR				8.8	5	APR				7.8	0	APR	7.8	0	APR	8.7	0	APR	8	0	APR	9.8	5	APR	10	0	APR	8.5	0	APR	9.3	0	APR	8.7	0	APR	9.1	2	APR	8.4	0	APR	9.2	0	APR				9.3	0	APR	8.6	17	APR	9	0	APR	9	4	APR	8.64	0	APR	7.9	0	APR	7.9	0	APR	8.75	0	APR	8.4	0	APR	8.91	6	APR	7.76	0	APR	8.36	3	APR	9	0	APR	8.12	12	APR				8.61	0	APR	8.76	5	APR	7.7	0	APR	9.11	10	APR	8	0	APR	9.75	0	APR	8.76	5	APR	9.11	10	APR	9.75	0	APR	9.75	0	APR																																sim	sim	não
20172291129	8.3	0	APR	7.1	0	APR	7.6	0	APR	8.5	0	APR	7.8	0	APR	8.8	0	APR	8.6	0	APR	8.7	0	APR	9.3	0	APR	8.1	0	APR	8.8	0	APR				8.4	5	APR				7	0	APR	7.1	0	APR	7.6	0	APR	7.4	0	APR	7.7	8	APR	10	0	APR	8.1	6	APR	7.9	0	APR	8.7	0	APR	6	9	APR	8.6	0	APR	8.4	2	APR				7.3	0	APR	6.5	31	APR	7.7	0	APR	8.5	4	APR	7	0	APR	7.01	0	APR	6.3	0	APR	8.5	0	APR	7.15	0	APR	8.55	8	APR	7.21	0	APR	7.87	1	APR	7	0	APR	7.5	6	APR				7.12	0	APR	7.16	24	APR	7	0	APR	7.87	12	APR	8.7	0	APR	9.75	0	APR	7.16	24	APR	7.87	12	APR	9.75	0	APR	9.75	0	APR																																sim	sim	não
20172291119	0	0	REP	1.8	0	REP	0	0	REP	0	0	REP	0	67	REMF	0	0	REP	0	16	REP	0	0	REP	0	0	REP	0	0	REP	0	0	REP				0	65	REMF				0	0	REP	0	57	REMF																																																																																					0	0	REP				0	56	REMF																																															sim	sim	não
20172291101	8.5	0	APR	8.6	0	APR	7.9	0	APR	9.8	0	APR	8.1	4	APR	8.9	0	APR	7.8	4	APR	8	0	APR	8.1	0	APR	6.7	0	APR	8	0	APR				9.1	4	APR				7	0	APR	7.2	0	APR	7.3	0	APR	7.3	0	APR	7	15	APR	10	0	APR	8.4	6	APR	7.8	0	APR	3.2	0	REP	7.2	9	APR	7.9	0	APR	7.1	0	APR				7.6	0	APR	7.5	36	APR	8.8	0	APR	7.2	12	APR	7.44	0	APR	7.66	0	APR	6.8	0	APR	8.5	0	APR	7.01	0	APR	7.79	17	APR	7.25	0	APR	7	4	APR	7.9	0	APR	8	10	APR				7.25	0	APR	7.07	17	APR	8.4	0	APR	7.75	20	APR	9	4	APR	8	0	APR	7.07	17	APR	7.75	20	APR	7.37	0	APR	8	0	APR																																sim	sim	não
20172291116	9.1	0	APR	8.3	0	APR	7	0	APR	7.9	0	APR	7.6	20	APR	8.8	0	APR	9.1	6	APR	7.9	0	APR	7.1	0	APR	6.2	0	APR	6.3	0	APR				9.3	16	APR				1.4	0	REP	9.5	14	APR	7.6	0	APR	9.5	0	APR	7.6	2	APR	10	0	APR	7.8	0	APR	9.4	0	APR	8.4	0	APR	7.6	1	APR	8.3	0	APR	8.9	0	APR				7.6	0	APR	7.6	6	APR	8.9	0	APR	9.1	0	APR	8.15	0	APR	7.65	0	APR	6.8	0	APR	8.5	0	APR	7.26	0	APR	8.43	10	APR	8.01	0	APR	7	1	APR	7.8	0	APR	8	2	APR				7.12	0	APR	7.25	3	APR	8.2	0	APR	9.75	2	APR	8.9	16	APR	8.5	0	APR	7.25	3	APR	9.75	2	APR	8.61	0	APR	8.5	0	APR																																sim	sim	não
20172291113	0	0	REP	1.8	0	REP	0	0	REP	0	0	REP	0	67	REMF	0.5	0	REP	0	16	REP	0	0	REP	0	0	REP	0	0	REP	0	0	REP				0	54	REMF				0	0	REP	0	55	REMF																																																																																					0	0	REP				0	56	REMF																																															sim	sim	não
20172291086	9.3	0	APR	8.9	0	APR	7.8	0	APR	9.6	0	APR	7.6	2	APR	9.3	0	APR	9.4	0	APR	8.5	0	APR	8.1	0	APR	7.5	0	APR	7.8	0	APR				9.6	3	APR				7.3	0	APR	9.1	2	APR	6.6	0	APR	9.2	0	APR	8.9	0	APR	10	0	APR	10	4	APR	9.3	0	APR	8.6	0	APR	8	2	APR	8.1	0	APR	7.8	0	APR				8.3	0	APR	8.2	28	APR	8.7	0	APR	9	0	APR	7.41	0	APR	7.79	0	APR	7.6	0	APR	9.25	0	APR	8.76	0	APR	9.15	8	APR	8.4	0	APR	8.3	1	APR	8.6	0	APR	8.12	2	APR				8.15	0	APR	8.8	3	APR	8.5	0	APR	9.75	8	APR	7.7	2	APR	9.36	0	APR	8.8	3	APR	9.75	8	APR	9.36	0	APR	9.36	0	APR																																sim	sim	não
20172290942	0	0	REP	1.8	0	REP	0	0	REP	0	0	REP	0	67	REMF	0	0	REP	0.8	16	REP	0	0	REP	0	0	REP	0	0	REP	0	0	REP				0.4	62	REMF				0	0	REP	0	51	REMF																																																																																					1.4	0	REP				0	56	REMF																																															sim	sim	não
20172291126	9	0	APR	8.2	0	APR	9	0	APR	8.8	0	APR	9.5	4	APR	8.5	0	APR	7.7	0	APR	8.6	0	APR	7.7	0	APR	8.8	0	APR	9.9	0	APR				8.6	13	APR				7.5	0	APR	9	0	APR	10	0	APR	9.4	0	APR	9.8	12	APR	10	0	APR	10	4	APR	8.6	0	APR	8.1	0	APR	8.8	8	APR	7.5	0	APR	9.2	2	APR				7.6	2	APR	8	30	APR	8.6	0	APR	8.8	12	APR	8.8	0	APR	8.47	0	APR	8.4	0	APR	8.75	0	APR	7.29	0	APR	7.82	14	APR	7.58	0	APR	8.86	0	APR	7.5	0	APR	8.25	10	APR				7.75	0	APR	7.82	12	APR	8.1	0	APR	8.25	18	APR	8.1	4	APR	9.36	0	APR	7.82	12	APR	8.25	18	APR	9.36	0	APR	9.36	0	APR																															SIM	sim	sim	sim
20152290042																																																																8.8	4	APR																																																																																																																										não	não	não
20142290214																																																																																								7.2	4	APR	7	10	APR																																														8.1	18	APR																																															não	não	não
20142290014																																																																																					2.49	8	REP																																																																																																					não	não	não
20152290048																																																																																														1.2	0	REP	8.8	0	APR	2.4	0	REP	2.4	14	REP	3.3	0	REP	4.5	42	REMF	3.3	0	REP	1.9	0	REP	0.8	0	REP	1.8	0	REP	1.9	0	REP	3.3	0	REP	1.3	0	REP	2.4	0	REP	7.1	12	APR	3.1	16	REP	7	6	APR																																												sim	sim	não
20162290065																																																																																																																						7.4	0	APR							7	0	APR	0	0	REP	0	0	REP	9.3	12	APR	7.4	4	APR																			7	0	APR	9	0	APR	2.5	22	REMF	8.3	0	APR	6	0	APR	0	0	REP	8.8	9	APR	6	4	APR					sim	sim	sim
20142290019																																																																																																																															7.4	0	APR																			7	0	APR	8.2	0	APR	1.5	0	REP	7	0	APR																													não	não	não
20142290022																																																																																																																						7.6	0	APR																																																																				não	não	não
20121840079																																																																																																																																		8.5	0	APR																																																								não	não	não
20142290024																																																																																																																																																																																					7	8	APR					não	não	não
20162296760																																														8.9	0	APR																																																																																					8.2	0	APR				8.6	8	APR																																															não	não	não
20162290526																																														7.1	18	APR																																																																																																																																												não	não	não
20162290202																																																	9.3	0	APR	8.8	0	APR	8.5	14	APR	10	0	APR	8.6	4	APR	8.9	0	APR	8.6	0	APR	9	4	APR	8.6	0	APR	7.9	2	APR				7.5	0	APR	9	18	APR	9.7	0	APR	8.9	12	APR	9.33	0	APR	7.82	0	APR	7	0	APR	8	0	APR	7.33	0	APR	8.86	6	APR	7	0	APR	7.29	4	APR	7.5	0	APR	7.62	8	APR				7	0	APR	7.04	15	APR				8.5	17	APR				8.5	0	APR	7.04	15	APR	8.5	17	APR	8.36	0	APR	8.5	0	APR																																não	não	não
20162291149																																																																																														8.57	0	APR	7.01	0	APR	7.1	0	APR										6.58	0	APR				7.1	0	APR	7.87	12	APR				7.25	0	APR	7.38	28	APR													7.38	28	APR																																									não	não	não
20152290040																																																																																														0	0	REP				1	0	REP																1.6	0	REP							2.62	0	REP																																																											não	não	não
20162290202																												8	0	APR				9.3	0	APR	7.93	0	APR													8.8	0	APR	4.5	24	REMF	3.5	40	REMF	2.5	4	REP	1.1	0	REP	2.2	0	REP	1.2	0	REP	1.8	0	REP	3.1	0	REP	0	1	REP	2.4	78	REMF	1.1	0	REP	1.3	0	REP	2.7	69	REMF																																																																																															não	não	não
20152290040																			5.3	24	REP																						7	2	APR										7.1	0	APR	7	2	APR	7.8	0	APR	7.5	0	APR	8.3	0	APR	7.1	0	APR	8.5	0	APR	7.1	0	APR	8.3	0	APR	6	12	APR	7	0	APR	6.1	0	APR	8.9	6	APR	1.9	0	REP	9.5	0	APR	2.8	0	REP	7.3	0	APR	8.5	6	APR	7.7	24	APR	7.9	0	APR	7	0	APR	2.1	0	REP	7	0	APR	7.6	2	APR	2.2	6	REP	7	0	APR	9.6	6	APR	8.8	7	APR	7.6	8	APR	9	0	APR	7	8	APR																																									sim	não	não
20162296760																																																				9.5	0	APR	7.6	0	APR	7	2	APR	8.9	0	APR	7.6	0	APR				8.1	0	APR	8	0	APR	8.1	0	APR	8.4	0	APR	7.8	3	APR	7.4	0	APR	8.4	0	APR	9	0	APR				9.8	0	APR	8.1	0	APR	8	0	APR	9.5	0	APR	8.7	0	APR	8.7	0	APR	9	0	APR	7.9	0	APR	8.5	0	APR	9.5	0	APR	8.3	0	APR	8.1	0	APR	9.5	0	APR	9.8	0	APR				8.8	0	APR	8.4	0	APR	7	0	APR	9.6	0	APR	8.4	0	APR	9.3	0	APR	8.3	0	APR	8.5	0	APR	8.8	0	APR	9.3	0	APR	8.5	0	APR	7.8	0	APR	9.8	0	APR	8.1	6	APR	8.5	0	APR		sim	sim	sim
20152290048																																																										0	28	REMF										0	0	REP							0	0	REP	0	78	REMF							3.6	50	REMF																																																																																															não	não	não
20152290010																																																																																					1.5	0	REP																																																																																																					não	não	não
20152290015																																																																																					2.5	0	REP																																														9.3	4	APR																																																					sim	sim	sim
20121840079																																																																																					1.3	0	REP																																																																																																					não	não	não
20162290065																																																																																																																																					0	44	REMF																			0	0	REP										0	0	REP																				não	não	não
20142180002																																																																																																																																														0	0	REP																																												não	não	não